{
  "train_loss": 0.048523483149707315,
  "val_loss": 0.030132365964949132,
  "test_loss": null
}