{
  "one_step": {
    "adv_beta1.0": 0.43399440320804716,
    "burgers_nu1": 0.2564366681055166
  },
  "one_step_avg": 0.34521553565678187,
  "rollout_curves": {
    "adv_beta1.0": [
      0.5098795890808105,
      0.9299457669258118,
      1.2777643203735352,
      1.4067238569259644,
      1.4945862293243408,
      1.455987811088562,
      1.3133151531219482,
      1.1167941093444824,
      0.9365752935409546,
      0.828633725643158,
      0.8250442147254944,
      0.892966091632843,
      0.9882817268371582,
      1.0795753002166748,
      1.1566901206970215,
      1.2333506345748901,
      1.2610551118850708,
      1.2840255498886108,
      1.270601749420166,
      1.2015628814697266
    ],
    "burgers_nu1": [
      1.5582513809204102,
      1.143932580947876,
      0.9377396702766418,
      0.8014893531799316,
      0.6979764103889465,
      0.617059588432312,
      0.5583305358886719,
      0.5090200304985046,
      0.4716271758079529,
      0.43967804312705994,
      0.41354426741600037,
      0.3971065580844879,
      0.383961945772171,
      0.37011057138442993,
      0.35424044728279114,
      0.34393811225891113,
      0.3344626724720001,
      0.3265283405780792,
      0.3207912743091583,
      0.31454554200172424
    ]
  },
  "rollout_avg_curve": [
    1.0340654850006104,
    1.0369391739368439,
    1.1077519953250885,
    1.104106605052948,
    1.0962813198566437,
    1.036523699760437,
    0.9358228445053101,
    0.8129070699214935,
    0.7041012346744537,
    0.634155884385109,
    0.6192942410707474,
    0.6450363248586655,
    0.6861218363046646,
    0.7248429358005524,
    0.7554652839899063,
    0.7886443734169006,
    0.7977588921785355,
    0.805276945233345,
    0.7956965118646622,
    0.7580542117357254
  ]
}