{
  "one_step": {
    "reacdiff_rho1": 1.396651267361641,
    "reacdiff_rho5": 0.544397891664505,
    "reacdiff_rho10": 0.728883025932312
  },
  "one_step_avg": 0.8899773949861527,
  "rollout_curves": {
    "reacdiff_rho1": [
      3.8109450340270996,
      2.6437160968780518,
      2.1360764503479004,
      1.6598581075668335,
      1.358021855354309,
      1.166529893875122,
      1.0309072732925415,
      0.925548791885376,
      0.8644993901252747,
      0.8251708149909973,
      0.7943580150604248,
      0.7861716747283936,
      0.7826506495475769,
      0.7918463945388794,
      0.7975626587867737,
      0.8090417981147766,
      0.8259426951408386,
      0.845104455947876,
      0.8296748399734497,
      0.8124075531959534
    ],
    "reacdiff_rho5": [
      0.8125549554824829,
      0.8588331937789917,
      1.3205609321594238,
      2.2901508808135986,
      4.617619514465332,
      14.733451843261719,
      28.550710678100586,
      8.911388397216797,
      6.22366189956665,
      5.1395745277404785,
      5.142596244812012,
      5.142562389373779,
      5.140456199645996,
      5.154335975646973,
      5.168113708496094,
      5.1816792488098145,
      5.195016860961914,
      5.208276748657227,
      5.221775531768799,
      5.235735893249512
    ],
    "reacdiff_rho10": [
      0.8735752105712891,
      1.5348269939422607,
      3.6954331398010254,
      14.770478248596191,
      24.587343215942383,
      10.334076881408691,
      7.8898749351501465,
      7.877315998077393,
      7.922325611114502,
      7.9677958488464355,
      8.013671875,
      8.059794425964355,
      8.106163024902344,
      8.15270709991455,
      8.199479103088379,
      8.24659252166748,
      8.2941312789917,
      8.342123031616211,
      8.390624046325684,
      8.439720153808594
    ]
  },
  "rollout_avg_curve": [
    1.8323584000269573,
    1.679125428199768,
    2.3840235074361167,
    6.2401624123255415,
    10.187661528587341,
    8.744686206181845,
    12.490497628847757,
    5.9047510623931885,
    5.003495633602142,
    4.644180397192637,
    4.6502087116241455,
    4.662842830022176,
    4.676423291365306,
    4.699629823366801,
    4.721718490123749,
    4.74577118953069,
    4.771696945031484,
    4.7985014120737715,
    4.814024806022644,
    4.829287866751353
  ]
}