{
  "one_step": {
    "adv_beta0.4": 0.010870769737754016,
    "burgers_nu0.001": 0.0448045026153326,
    "diff_sorp": 0.002098693182878196
  },
  "one_step_avg": 0.02268984757781029,
  "rollout_curves": {
    "adv_beta0.4": [
      0.007232209201902151,
      0.012871223501861095,
      0.0179426409304142,
      0.022403137758374214,
      0.02665683999657631,
      0.031490862369537354,
      0.03624565154314041,
      0.041114579886198044,
      0.04579951614141464,
      0.051048096269369125,
      0.05602144077420235,
      0.06126208230853081,
      0.06615810841321945,
      0.07121411710977554,
      0.07625222206115723,
      0.08206890523433685,
      0.08754916489124298,
      0.09279418736696243,
      0.09809394925832748,
      0.10297723114490509
    ],
    "burgers_nu0.001": [
      0.07573556154966354,
      0.12018948793411255,
      0.23197059333324432,
      0.3052733540534973,
      0.33084937930107117,
      0.29979485273361206,
      0.29087743163108826,
      0.3222682476043701,
      0.33445894718170166,
      0.3316156268119812,
      0.31878039240837097,
      0.3193508982658386,
      0.31998246908187866,
      0.3057298958301544,
      0.28834763169288635,
      0.2809866666793823,
      0.2756768465042114,
      0.27009615302085876,
      0.26427415013313293,
      0.25664207339286804
    ],
    "diff_sorp": [
      0.003950317390263081,
      0.003914176486432552,
      0.003890500869601965,
      0.0031468167435377836,
      0.0034989372361451387,
      0.0034980368800461292,
      0.0042975968681275845,
      0.0031819252762943506,
      0.0031975898891687393,
      0.003554355585947633,
      0.0032075392082333565,
      0.0032900110818445683,
      0.00330113316886127,
      0.00337259192019701,
      0.0033847661688923836,
      0.0035855218302458525,
      0.0037391793448477983,
      0.0036394898779690266,
      0.0035762328188866377,
      0.003665804397314787
    ]
  },
  "rollout_avg_curve": [
    0.02897269604727626,
    0.0456582959741354,
    0.08460124504442017,
    0.11027443618513644,
    0.12033505217793088,
    0.11159458399439852,
    0.11047356001411875,
    0.12218825092228751,
    0.12781868440409502,
    0.128739359555766,
    0.1260031241302689,
    0.12796766388540468,
    0.12981390355465314,
    0.12677220162004232,
    0.12266153997431199,
    0.12221369791465501,
    0.1223217302467674,
    0.12217661008859675,
    0.12198144407011569,
    0.12109503631169598
  ]
}