{
  "train_loss": 0.01347059834834272,
  "val_loss": 0.015447640786968047,
  "test_loss": 0.004382498466309132
}