{
  "train_loss": 0.0018243261526031346,
  "val_loss": 0.0020376728410873195,
  "test_loss": 0.004103854000016042,
  "num_primitives": 6
}