{
  "train_loss": 0.05163943251222372,
  "val_loss": 0.020850852562226355,
  "test_loss": null
}