{
  "one_step": {
    "reacdiff_rho1": 0.2603785711824894,
    "reacdiff_rho5": 0.164832818621397,
    "reacdiff_rho10": 0.15574504270553588
  },
  "one_step_avg": 0.19365214416980744,
  "rollout_curves": {
    "reacdiff_rho1": [
      0.3617526888847351,
      10.911917686462402,
      1385.4715576171875,
      183127.8125,
      24687914.0,
      3368342272.0,
      463287484416.0,
      64091712389120.0,
      8905185728397312.0,
      1.2415510753375683e+18,
      Infinity,
      NaN,
      NaN,
      NaN,
      NaN,
      NaN,
      NaN,
      NaN,
      NaN,
      NaN
    ],
    "reacdiff_rho5": [
      0.33429333567619324,
      9.347587585449219,
      1119.6802978515625,
      142057.1875,
      18637296.0,
      2503992576.0,
      342639116288.0,
      47463704559616.0,
      6686123766054912.0,
      9.518121692325478e+17,
      NaN,
      NaN,
      NaN,
      NaN,
      NaN,
      NaN,
      NaN,
      NaN,
      NaN,
      NaN
    ],
    "reacdiff_rho10": [
      0.40042412281036377,
      7.051635265350342,
      767.423828125,
      90975.15625,
      11344833.0,
      1464971520.0,
      193365966848.0,
      26150113902592.0,
      3551682403237888.0,
      4.840164259801334e+17,
      Infinity,
      NaN,
      NaN,
      NaN,
      NaN,
      NaN,
      NaN,
      NaN,
      NaN,
      NaN
    ]
  },
  "rollout_avg_curve": [
    0.36549004912376404,
    9.103713512420654,
    1090.8585611979167,
    138720.05208333334,
    18223347.666666668,
    2445768789.3333335,
    333097522517.3333,
    45901843617109.336,
    6380997299230037.0,
    8.924598901834164e+17,
    NaN,
    NaN,
    NaN,
    NaN,
    NaN,
    NaN,
    NaN,
    NaN,
    NaN,
    NaN
  ]
}