{
  "one_step": {
    "adv_beta1.0": 0.3306627658113837,
    "burgers_nu1": 0.3201751852079295
  },
  "one_step_avg": 0.3254189755096566,
  "rollout_curves": {
    "adv_beta1.0": [
      0.3645586371421814,
      0.7982304096221924,
      1.304679036140442,
      1.9078062772750854,
      2.640880584716797,
      3.608991861343384,
      5.277540683746338,
      9.073348045349121,
      18.46881103515625,
      41.45402526855469,
      94.81682586669922,
      225.43353271484375,
      541.845703125,
      1312.54443359375,
      3187.98583984375,
      7855.728515625,
      19437.935546875,
      47732.03125,
      118375.609375,
      293613.65625
    ],
    "burgers_nu1": [
      1.7207201719284058,
      4.144039630889893,
      57.518489837646484,
      2914.75830078125,
      6974143.5,
      37851026685952.0,
      Infinity,
      NaN,
      NaN,
      NaN,
      NaN,
      NaN,
      NaN,
      NaN,
      NaN,
      NaN,
      NaN,
      NaN,
      NaN,
      NaN
    ]
  },
  "rollout_avg_curve": [
    1.0426394045352936,
    2.4711350202560425,
    29.411584436893463,
    1458.3330535292625,
    3487073.0704402924,
    18925513342977.805,
    Infinity,
    NaN,
    NaN,
    NaN,
    NaN,
    NaN,
    NaN,
    NaN,
    NaN,
    NaN,
    NaN,
    NaN,
    NaN,
    NaN
  ]
}