{
  "one_step": {
    "adv_beta0.4": 0.011150239226128907,
    "burgers_nu0.001": 0.03632929750289768,
    "diff_sorp": 0.006824073581397533
  },
  "one_step_avg": 0.02035662940789014,
  "rollout_curves": {
    "adv_beta0.4": [
      0.011529926210641861,
      0.021027231588959694,
      0.030965739861130714,
      0.04077640548348427,
      0.04944862052798271,
      0.05636034905910492,
      0.06373408436775208,
      0.07136053591966629,
      0.07847971469163895,
      0.08521092683076859,
      0.09219679981470108,
      0.09909228980541229,
      0.10545379668474197,
      0.11149217188358307,
      0.11737563461065292,
      0.1234922856092453,
      0.12904679775238037,
      0.13423039019107819,
      0.1391039788722992,
      0.1439133733510971
    ],
    "burgers_nu0.001": [
      0.07055135071277618,
      0.07172402739524841,
      0.0897214263677597,
      0.2280302494764328,
      0.18900449573993683,
      0.17009316384792328,
      0.19506873190402985,
      0.1893235146999359,
      0.21027310192584991,
      0.19824117422103882,
      0.1930861473083496,
      0.2036130577325821,
      0.20176781713962555,
      0.1918758600950241,
      0.19548708200454712,
      0.20007364451885223,
      0.19625650346279144,
      0.19381272792816162,
      0.1891602873802185,
      0.1880687028169632
    ],
    "diff_sorp": [
      0.009891636669635773,
      0.015426049940288067,
      0.020933648571372032,
      0.025773940607905388,
      0.030033746734261513,
      0.033229079097509384,
      0.035602129995822906,
      0.037263352423906326,
      0.03847639635205269,
      0.03932753950357437,
      0.03973784297704697,
      0.03993432968854904,
      0.04000792279839516,
      0.04000582918524742,
      0.04002418741583824,
      0.04026034474372864,
      0.04052421823143959,
      0.041031863540410995,
      0.04176175221800804,
      0.04249295964837074
    ]
  },
  "rollout_avg_curve": [
    0.030657637864351273,
    0.03605910297483206,
    0.04720693826675415,
    0.09819353185594082,
    0.08949562100072701,
    0.08656086400151253,
    0.09813498208920161,
    0.09931580101450284,
    0.10907640432318051,
    0.10759321351846059,
    0.10834026336669922,
    0.11421322574218114,
    0.11574317887425423,
    0.11445795372128487,
    0.1176289680103461,
    0.12127542495727539,
    0.1219425064822038,
    0.12302499388655026,
    0.12334200615684192,
    0.12482501193881035
  ]
}