{
  "train_loss": 0.018558823154540733,
  "val_loss": 0.03468509008254856,
  "test_loss": null
}