{"mean": -0.009180090157167354, "std": 0.7991899406249515}