{"mean": -0.008421502860468935, "std": 0.7996638105885773}