{"mean": -0.009155171007498922, "std": 0.7993073797619576}