{"mean": -0.009148529071509762, "std": 0.799263462452513}