{"mean": -0.0084231600066659, "std": 0.7997067842345339}