{"mean": -0.009178351728054045, "std": 0.6209454505567918}