{"mean": -0.009207233961274874, "std": 0.6470327041244923}