{"mean": -0.00915286126710029, "std": 0.6110944688267484}