{"mean": -0.00842745582063444, "std": 0.6111807659937798}