{"mean": -0.008464394312671908, "std": 0.6471510144787481}