{"mean": -0.009205350902696832, "std": 0.641538874503865}