{"mean": 0.2614207253867935, "std": 0.2732092301765998}