{"mean": 0.2614292160354805, "std": 0.27319834794097436}