{"mean": 0.5298897531445892, "std": 0.0968875299811085}