{"mean": 0.8261925517401347, "std": 0.15145612582599355}