{"mean": 0.8981806824079581, "std": 0.14684439227727833}