{"mean": 0.5290186346345359, "std": 0.0966786365844664}