{"mean": 0.8979925675623651, "std": 0.1471476699711839}