{"mean": 0.8265034378743952, "std": 0.15111292772098617}