{
  "one_step": {
    "adv_beta1.0": 0.40610570793896916,
    "burgers_nu1": 0.22957174679487943
  },
  "one_step_avg": 0.3178387273669243,
  "rollout_curves": {
    "adv_beta1.0": [
      0.07183985412120819,
      0.13626986742019653,
      0.18861185014247894,
      0.22622287273406982,
      0.2472299039363861,
      0.2575650215148926,
      0.26985692977905273,
      0.29288074374198914,
      0.3268061876296997,
      0.36485806107521057,
      0.3994179368019104,
      0.4243925213813782,
      0.43708330392837524,
      0.44019776582717896,
      0.43890365958213806,
      0.4380808174610138,
      0.43999290466308594,
      0.44357773661613464,
      0.4457009434700012,
      0.44092100858688354
    ],
    "burgers_nu1": [
      0.1274174302816391,
      0.16789792478084564,
      0.18899132311344147,
      0.1982908546924591,
      0.2016536146402359,
      0.20316654443740845,
      0.20131045579910278,
      0.19953414797782898,
      0.19801382720470428,
      0.19671489298343658,
      0.19563749432563782,
      0.19396591186523438,
      0.19172482192516327,
      0.18930518627166748,
      0.18757720291614532,
      0.18595154583454132,
      0.18443706631660461,
      0.18378578126430511,
      0.18435968458652496,
      0.18622910976409912
    ]
  },
  "rollout_avg_curve": [
    0.09962864220142365,
    0.1520838961005211,
    0.1888015866279602,
    0.21225686371326447,
    0.224441759288311,
    0.2303657829761505,
    0.23558369278907776,
    0.24620744585990906,
    0.262410007417202,
    0.2807864770293236,
    0.2975277155637741,
    0.3091792166233063,
    0.31440406292676926,
    0.3147514760494232,
    0.3132404312491417,
    0.31201618164777756,
    0.3122149854898453,
    0.3136817589402199,
    0.3150303140282631,
    0.31357505917549133
  ]
}