{
  "one_step": {
    "adv_beta0.4": 0.011056817262805997,
    "burgers_nu0.001": 0.049448589747399095,
    "diff_sorp": 0.0025061037240419
  },
  "one_step_avg": 0.024696282691620792,
  "rollout_curves": {
    "adv_beta0.4": [
      0.003410419449210167,
      0.006284267175942659,
      0.009268100373446941,
      0.012428506277501583,
      0.01585189811885357,
      0.019400639459490776,
      0.023045804351568222,
      0.02670857310295105,
      0.03032338060438633,
      0.03377692773938179,
      0.03703205659985542,
      0.04004829749464989,
      0.04292549565434456,
      0.04579242318868637,
      0.04875892028212547,
      0.05173139274120331,
      0.054558802396059036,
      0.05723993107676506,
      0.060006942600011826,
      0.0629991888999939
    ],
    "burgers_nu0.001": [
      0.024138471111655235,
      0.03769801929593086,
      0.04767491668462753,
      0.05581531301140785,
      0.06250812858343124,
      0.06882226467132568,
      0.07473781704902649,
      0.08143167942762375,
      0.08980315178632736,
      0.09910299628973007,
      0.10862256586551666,
      0.11633379012346268,
      0.12394873797893524,
      0.13186433911323547,
      0.13917231559753418,
      0.14572378993034363,
      0.15271122753620148,
      0.15804129838943481,
      0.16305211186408997,
      0.16846375167369843
    ],
    "diff_sorp": [
      0.00458602886646986,
      0.004655435215681791,
      0.004552408587187529,
      0.006338359322398901,
      0.00584802683442831,
      0.006033590529114008,
      0.007204830180853605,
      0.0070354146882891655,
      0.007311131805181503,
      0.0077504864893853664,
      0.008833314292132854,
      0.010552134364843369,
      0.01051417738199234,
      0.01006239466369152,
      0.012011977843940258,
      0.012459001503884792,
      0.012418139725923538,
      0.012801270000636578,
      0.013975663110613823,
      0.014009494334459305
    ]
  },
  "rollout_avg_curve": [
    0.010711639809111754,
    0.016212573895851772,
    0.020498475215087335,
    0.024860726203769445,
    0.028069351178904373,
    0.031418831553310156,
    0.03499615052714944,
    0.038391889072954655,
    0.04247922139863173,
    0.04687680350616574,
    0.051495978919168316,
    0.05564474066098531,
    0.05912947033842405,
    0.06257305232187112,
    0.06664773790786664,
    0.06997139472514391,
    0.07322938988606136,
    0.07602749982227881,
    0.0790115725249052,
    0.08182414496938388
  ]
}