{
  "one_step": {
    "reacdiff_rho1": 1.9096690274554844,
    "reacdiff_rho5": 0.46635328309414104,
    "reacdiff_rho10": 0.640842498443759
  },
  "one_step_avg": 1.0056216029977947,
  "rollout_curves": {
    "reacdiff_rho1": [
      1.7713792324066162,
      5.946893215179443,
      15.07790470123291,
      12.490986824035645,
      7.725454807281494,
      7.282491683959961,
      7.188644886016846,
      7.143767833709717,
      7.146502494812012,
      7.184586048126221,
      7.266077995300293,
      7.391679286956787,
      7.558659553527832,
      7.768899440765381,
      8.023634910583496,
      8.316590309143066,
      8.641676902770996,
      9.020878791809082,
      9.448017120361328,
      9.873865127563477
    ],
    "reacdiff_rho5": [
      0.556134819984436,
      0.9612506031990051,
      1.4747488498687744,
      2.379411220550537,
      4.592986583709717,
      19.332042694091797,
      13.455584526062012,
      5.620633602142334,
      4.064203262329102,
      3.4476265907287598,
      3.333878993988037,
      3.2286837100982666,
      3.1455607414245605,
      3.072298765182495,
      3.0112907886505127,
      2.948256731033325,
      2.8783373832702637,
      2.8101272583007812,
      2.7475976943969727,
      2.690305233001709
    ],
    "reacdiff_rho10": [
      0.5654894709587097,
      1.3634448051452637,
      3.383329153060913,
      13.639044761657715,
      19.101011276245117,
      8.210143089294434,
      6.2347822189331055,
      6.043131351470947,
      5.867277145385742,
      5.712606430053711,
      5.570169925689697,
      5.4357709884643555,
      5.305382251739502,
      5.155341625213623,
      5.00785493850708,
      4.865809440612793,
      4.730966567993164,
      4.602083683013916,
      4.478128910064697,
      4.357971668243408
    ]
  },
  "rollout_avg_curve": [
    0.964334507783254,
    2.7571962078412375,
    6.645327568054199,
    9.503147602081299,
    10.473150889078775,
    11.60822582244873,
    8.959670543670654,
    6.269177595774333,
    5.692660967508952,
    5.4482730229695635,
    5.390042304992676,
    5.352044661839803,
    5.336534182230632,
    5.3321799437205,
    5.347593545913696,
    5.376885493596395,
    5.416993618011475,
    5.477696577707927,
    5.557914574940999,
    5.640714009602864
  ]
}