{
  "train_loss": 0.0534868607185781,
  "val_loss": 0.02290416323490441,
  "test_loss": null
}