{
  "one_step": {
    "adv_beta1.0": 0.43724908544942737,
    "burgers_nu1": 0.3987061853343621
  },
  "one_step_avg": 0.41797763539189475
}