{
  "one_step": {
    "reacdiff_rho1": 0.24896691533327103,
    "reacdiff_rho5": 0.2006222528219223,
    "reacdiff_rho10": 0.9826517751693725
  },
  "one_step_avg": 0.4774136477748553
}