{
  "one_step": {
    "adv_beta0.4": 0.013926800370030105,
    "burgers_nu0.001": 0.034560153011232615,
    "diff_sorp": 0.003023056221753359
  },
  "one_step_avg": 0.01999939259685576
}