{
  "train_loss": 0.013791747744169698,
  "val_loss": 0.017251529406171622,
  "test_loss": 0.003591480634273275
}