{
  "one_step": {
    "adv_beta0.4": 0.016605151800159364,
    "adv_beta0.1": 0.008223324994556606,
    "burgers_nu0.001": 0.05780161659885198,
    "burgers_nu0.01": 0.02750380383124575,
    "burgers_nu0.1": 0.017070738527737557,
    "diff_sorp": 0.003359402984753251
  },
  "one_step_avg": 0.02343351586271416,
  "rollout_curves": {
    "adv_beta0.4": [
      0.008760347031056881,
      0.01476507168263197,
      0.020265614613890648,
      0.025074582546949387,
      0.03065255656838417,
      0.036619119346141815,
      0.04292440041899681,
      0.04887181892991066,
      0.053783003240823746,
      0.05867115780711174,
      0.06382741034030914,
      0.06912608444690704,
      0.07460525631904602,
      0.08137190341949463,
      0.08917003124952316,
      0.09672503918409348,
      0.10345931351184845,
      0.10936196893453598,
      0.11544060707092285,
      0.12255966663360596
    ],
    "adv_beta0.1": [
      0.004161530174314976,
      0.007909228093922138,
      0.011373940855264664,
      0.014554541558027267,
      0.01750471629202366,
      0.02030779980123043,
      0.023024071007966995,
      0.02572525106370449,
      0.028494494035840034,
      0.031224235892295837,
      0.03393903374671936,
      0.03667484596371651,
      0.03930053114891052,
      0.041911881417036057,
      0.04459045082330704,
      0.04722318425774574,
      0.049896761775016785,
      0.052571870386600494,
      0.05518509820103645,
      0.057838670909404755
    ],
    "burgers_nu0.001": [
      0.08794635534286499,
      0.10916970670223236,
      0.1511606127023697,
      0.1985466331243515,
      0.19352185726165771,
      0.176828533411026,
      0.17921507358551025,
      0.19022902846336365,
      0.20294395089149475,
      0.21176733076572418,
      0.21953576803207397,
      0.2157825380563736,
      0.23539648950099945,
      0.22905047237873077,
      0.22104422748088837,
      0.22030457854270935,
      0.22264818847179413,
      0.22330813109874725,
      0.22539180517196655,
      0.2296375334262848
    ],
    "burgers_nu0.01": [
      0.0688452199101448,
      0.08553534746170044,
      0.07218295335769653,
      0.06692788749933243,
      0.06914462894201279,
      0.06696972995996475,
      0.068863645195961,
      0.06921067088842392,
      0.06811095774173737,
      0.06786837428808212,
      0.06988955289125443,
      0.07131361216306686,
      0.0750432163476944,
      0.07440172880887985,
      0.07301438599824905,
      0.07239566743373871,
      0.07273774594068527,
      0.07326983660459518,
      0.07459032535552979,
      0.0769575759768486
    ],
    "burgers_nu0.1": [
      0.06996490806341171,
      0.046276383101940155,
      0.0516183115541935,
      0.06161513924598694,
      0.06706974655389786,
      0.06838009506464005,
      0.06941884011030197,
      0.07050922513008118,
      0.0717020183801651,
      0.0729575827717781,
      0.07421135902404785,
      0.07545437663793564,
      0.07667066901922226,
      0.07786218076944351,
      0.07901402562856674,
      0.0801854282617569,
      0.08134365826845169,
      0.08254794031381607,
      0.08369452506303787,
      0.08489152044057846
    ],
    "diff_sorp": [
      0.0049863094463944435,
      0.005702854134142399,
      0.005781208164989948,
      0.005821585189551115,
      0.0060715447179973125,
      0.006339582614600658,
      0.007085307035595179,
      0.007858308032155037,
      0.00833384320139885,
      0.009215756319463253,
      0.009031614288687706,
      0.009369484148919582,
      0.010066942311823368,
      0.010566473007202148,
      0.010880617424845695,
      0.0119355209171772,
      0.012213735841214657,
      0.013027585111558437,
      0.014113489538431168,
      0.014330371282994747
    ]
  },
  "rollout_avg_curve": [
    0.040777444994697966,
    0.044893098529428244,
    0.05206377354140083,
    0.06209006152736644,
    0.06399417505599558,
    0.06257414336626728,
    0.06508855622572203,
    0.06873405041793983,
    0.07222804458190997,
    0.07528407297407587,
    0.07840578972051541,
    0.07962015690281987,
    0.08518051744128267,
    0.08586077330013116,
    0.08628562310089667,
    0.08812823643287022,
    0.0903832339681685,
    0.09234788874164224,
    0.09473597506682079,
    0.09770255644495289
  ]
}