{
  "one_step": {
    "reacdiff_rho1": 1.1033928206086159,
    "reacdiff_rho5": 0.5251269397735596,
    "reacdiff_rho10": 0.7594615986824036
  },
  "one_step_avg": 0.7959937863548596,
  "rollout_curves": {
    "reacdiff_rho1": [
      2.873666763305664,
      2.0844826698303223,
      1.641918659210205,
      1.3647692203521729,
      1.177243709564209,
      1.043221354484558,
      0.9469226002693176,
      0.8810023069381714,
      0.8383505940437317,
      0.8123746514320374,
      0.7861281633377075,
      0.7611574530601501,
      0.7322742938995361,
      0.7015755772590637,
      0.6726657748222351,
      0.6465890407562256,
      0.6230986714363098,
      0.6016862988471985,
      0.5820285677909851,
      0.5640824437141418
    ],
    "reacdiff_rho5": [
      0.8103611469268799,
      1.0287740230560303,
      1.598802924156189,
      2.7019236087799072,
      5.291203498840332,
      16.542938232421875,
      31.688762664794922,
      9.813324928283691,
      6.831723690032959,
      5.6353759765625,
      5.646854877471924,
      5.6578826904296875,
      5.66957426071167,
      5.6819963455200195,
      5.693645000457764,
      5.705637454986572,
      5.7183098793029785,
      5.731042385101318,
      5.74442195892334,
      5.759662628173828
    ],
    "reacdiff_rho10": [
      0.9754931926727295,
      1.9456814527511597,
      4.693536281585693,
      18.67236328125,
      31.01553726196289,
      13.123542785644531,
      10.234100341796875,
      10.608182907104492,
      11.05265998840332,
      11.570948600769043,
      12.211298942565918,
      12.988497734069824,
      13.929987907409668,
      15.148351669311523,
      16.68169593811035,
      18.731584548950195,
      21.740842819213867,
      26.315425872802734,
      33.40593719482422,
      44.728370666503906
    ]
  },
  "rollout_avg_curve": [
    1.5531737009684246,
    1.6863127152125041,
    2.644752621650696,
    7.57968537012736,
    12.494661490122477,
    10.236567457516989,
    14.289928535620371,
    7.100836714108785,
    6.240911424160004,
    6.006233076254527,
    6.214760661125183,
    6.469179292519887,
    6.777278820673625,
    7.177307864030202,
    7.68266890446345,
    8.361270348230997,
    9.360750456651052,
    10.88271818558375,
    13.244129240512848,
    17.01737191279729
  ]
}