{
  "one_step": {
    "adv_beta1.0": 0.40248367681447417,
    "burgers_nu1": 0.20296281791082582
  },
  "one_step_avg": 0.30272324736265,
  "rollout_curves": {
    "adv_beta1.0": [
      0.5346508622169495,
      1.010390281677246,
      1.3806122541427612,
      1.609798550605774,
      1.6753287315368652,
      1.5762908458709717,
      1.3425081968307495,
      1.0449975728988647,
      0.8050836324691772,
      0.7596845626831055,
      0.9152135252952576,
      1.1221039295196533,
      1.2781800031661987,
      1.346994400024414,
      1.3415262699127197,
      1.3070935010910034,
      1.2895288467407227,
      1.3070144653320312,
      1.3475507497787476,
      1.3575658798217773
    ],
    "burgers_nu1": [
      1.2183618545532227,
      0.8445869088172913,
      0.6308394074440002,
      0.4955802857875824,
      0.4037711024284363,
      0.33738985657691956,
      0.2877054512500763,
      0.2504436671733856,
      0.22139260172843933,
      0.19846048951148987,
      0.18037457764148712,
      0.16628660261631012,
      0.15583492815494537,
      0.14801134169101715,
      0.14191751182079315,
      0.137137770652771,
      0.133305624127388,
      0.13034018874168396,
      0.12818127870559692,
      0.1266213059425354
    ]
  },
  "rollout_avg_curve": [
    0.8765063583850861,
    0.9274885952472687,
    1.0057258307933807,
    1.0526894181966782,
    1.0395499169826508,
    0.9568403512239456,
    0.8151068240404129,
    0.6477206200361252,
    0.5132381170988083,
    0.47907252609729767,
    0.5477940514683723,
    0.6441952660679817,
    0.717007465660572,
    0.7475028708577156,
    0.7417218908667564,
    0.7221156358718872,
    0.7114172354340553,
    0.7186773270368576,
    0.7378660142421722,
    0.7420935928821564
  ]
}