{
  "one_step": {
    "adv_beta0.4": 0.011469094515033066,
    "burgers_nu0.001": 0.036011374684236944,
    "diff_sorp": 0.004646974616497755
  },
  "one_step_avg": 0.019921582603007554,
  "rollout_curves": {
    "adv_beta0.4": [
      0.007858647964894772,
      0.013965650461614132,
      0.01908033713698387,
      0.024909358471632004,
      0.030039165169000626,
      0.035258129239082336,
      0.04006275162100792,
      0.04480810463428497,
      0.0490698479115963,
      0.05308478698134422,
      0.05686837434768677,
      0.061677973717451096,
      0.06631999462842941,
      0.07074462622404099,
      0.07492770999670029,
      0.07935024797916412,
      0.08361416310071945,
      0.08704774081707001,
      0.09043078869581223,
      0.09392903000116348
    ],
    "burgers_nu0.001": [
      0.048262301832437515,
      0.10161139070987701,
      0.15751345455646515,
      0.16399456560611725,
      0.20428963005542755,
      0.23784294724464417,
      0.25709033012390137,
      0.27102571725845337,
      0.29481109976768494,
      0.28798288106918335,
      0.296098530292511,
      0.30917319655418396,
      0.3121270537376404,
      0.31260740756988525,
      0.3047410249710083,
      0.30170220136642456,
      0.29877525568008423,
      0.29995816946029663,
      0.30291351675987244,
      0.30484452843666077
    ],
    "diff_sorp": [
      0.007047596853226423,
      0.01115404162555933,
      0.015073235146701336,
      0.016533013433218002,
      0.01773441769182682,
      0.01814030483365059,
      0.01833205297589302,
      0.0186122115701437,
      0.019233910366892815,
      0.02012154459953308,
      0.020698999986052513,
      0.021268753334879875,
      0.021810289472341537,
      0.022238926962018013,
      0.022568052634596825,
      0.02298770472407341,
      0.023117640987038612,
      0.023388022556900978,
      0.023883787915110588,
      0.024257298558950424
    ]
  },
  "rollout_avg_curve": [
    0.021056182216852903,
    0.042243694265683494,
    0.06388900894671679,
    0.06847897917032242,
    0.084021070972085,
    0.0970804604391257,
    0.10516171157360077,
    0.11148201115429401,
    0.12103828601539135,
    0.12039640421668689,
    0.12455530154208343,
    0.13070664120217165,
    0.1334191126128038,
    0.1351969869186481,
    0.13407892920076847,
    0.13468005135655403,
    0.1351690199226141,
    0.13679797761142254,
    0.13907603112359843,
    0.14101028566559157
  ]
}