{
  "one_step": {
    "reacdiff_rho1": 0.19182674885988235,
    "reacdiff_rho5": 0.11808202248811722,
    "reacdiff_rho10": 0.15333011362552643
  },
  "one_step_avg": 0.154412961657842,
  "rollout_curves": {
    "reacdiff_rho1": [
      0.3482956290245056,
      4.934689521789551,
      417.78924560546875,
      37062.20703125,
      3360837.5,
      308555392.0,
      28553656320.0,
      2659473686528.0,
      248679227195392.0,
      2.333307340796723e+16,
      2.1954205682646385e+18,
      NaN,
      NaN,
      NaN,
      NaN,
      NaN,
      NaN,
      NaN,
      NaN,
      NaN
    ],
    "reacdiff_rho5": [
      0.3901553750038147,
      2.270446300506592,
      126.15007019042969,
      7690.31103515625,
      487349.40625,
      31686112.0,
      2102730880.0,
      141343604736.0,
      9668137058304.0,
      668394219110400.0,
      4.731209271738368e+16,
      Infinity,
      NaN,
      NaN,
      NaN,
      NaN,
      NaN,
      NaN,
      NaN,
      NaN
    ],
    "reacdiff_rho10": [
      0.4838290512561798,
      0.7482587695121765,
      10.697888374328613,
      295.7576904296875,
      8788.703125,
      272528.53125,
      8675870.0,
      283700992.0,
      9331979264.0,
      308286816256.0,
      10218426597376.0,
      339551121833984.0,
      1.1306617370836992e+16,
      3.771084365103104e+17,
      Infinity,
      NaN,
      NaN,
      NaN,
      NaN,
      NaN
    ]
  },
  "rollout_avg_curve": [
    0.4074266850948334,
    2.651131530602773,
    184.87906805674234,
    15016.091918945312,
    1285658.5364583333,
    113504677.51041667,
    10221687690.0,
    933700330752.0,
    86118898744320.0,
    8000591971297963.0,
    7.475809598028732e+17,
    NaN,
    NaN,
    NaN,
    NaN,
    NaN,
    NaN,
    NaN,
    NaN,
    NaN
  ]
}