{
  "one_step": {
    "adv_beta1.0": 0.4476395568951964,
    "burgers_nu1": 0.3002011099264026
  },
  "one_step_avg": 0.3739203334107995,
  "rollout_curves": {
    "adv_beta1.0": [
      0.6284689903259277,
      1.144238829612732,
      1.4841910600662231,
      1.6141281127929688,
      1.5328826904296875,
      1.2851215600967407,
      0.9613603353500366,
      0.7234854698181152,
      0.7356429696083069,
      0.9192384481430054,
      1.0859038829803467,
      1.1653481721878052,
      1.1736387014389038,
      1.1545614004135132,
      1.1404451131820679,
      1.1353182792663574,
      1.1129027605056763,
      1.0398831367492676,
      0.912773072719574,
      0.7766014337539673
    ],
    "burgers_nu1": [
      1.495492696762085,
      4.0028395652771,
      51.48365020751953,
      2638.30224609375,
      5643833.0,
      28864338198528.0,
      Infinity,
      NaN,
      NaN,
      NaN,
      NaN,
      NaN,
      NaN,
      NaN,
      NaN,
      NaN,
      NaN,
      NaN,
      NaN,
      NaN
    ]
  },
  "rollout_avg_curve": [
    1.0619808435440063,
    2.5735391974449158,
    26.483920633792877,
    1319.9581871032715,
    2821917.266441345,
    14432169099264.643,
    Infinity,
    NaN,
    NaN,
    NaN,
    NaN,
    NaN,
    NaN,
    NaN,
    NaN,
    NaN,
    NaN,
    NaN,
    NaN,
    NaN
  ]
}