{
  "one_step": {
    "adv_beta1.0": 0.39385027029328046,
    "burgers_nu1": 0.3376939717978239
  },
  "one_step_avg": 0.3657721210455522
}