{
  "one_step": {
    "reacdiff_rho1": 0.13948068290948867,
    "reacdiff_rho5": 0.09915791971683502,
    "reacdiff_rho10": 0.13647165640592576
  },
  "one_step_avg": 0.12503675301074982
}