{
  "one_step": {
    "adv_beta0.4": 0.014730663536349312,
    "burgers_nu0.001": 0.04192589707672596,
    "diff_sorp": 0.004046256330609322
  },
  "one_step_avg": 0.023471875511351974
}