{
  "one_step": {
    "adv_beta1.0": 0.44508043632451444,
    "burgers_nu1": 0.2900470796437934
  },
  "one_step_avg": 0.3675637579841539,
  "rollout_curves": {
    "adv_beta1.0": [
      0.5513944625854492,
      1.0356587171554565,
      1.4026985168457031,
      1.6155787706375122,
      1.6545906066894531,
      1.5257489681243896,
      1.2672333717346191,
      0.9632514715194702,
      0.7563748359680176,
      0.7746904492378235,
      0.9505377411842346,
      1.1348384618759155,
      1.2582905292510986,
      1.3085196018218994,
      1.30927312374115,
      1.3014304637908936,
      1.3094046115875244,
      1.3173041343688965,
      1.300559163093567,
      1.2202675342559814
    ],
    "burgers_nu1": [
      1.527430772781372,
      1.099490761756897,
      0.8922854065895081,
      0.7629255056381226,
      0.6712289452552795,
      0.5944628119468689,
      0.5272377729415894,
      0.4775524139404297,
      0.4312869906425476,
      0.3996087610721588,
      0.3743142783641815,
      0.35226258635520935,
      0.34071898460388184,
      0.32963234186172485,
      0.3208404779434204,
      0.31336310505867004,
      0.3072565197944641,
      0.3037703037261963,
      0.30137428641319275,
      0.30190256237983704
    ]
  },
  "rollout_avg_curve": [
    1.0394126176834106,
    1.0675747394561768,
    1.1474919617176056,
    1.1892521381378174,
    1.1629097759723663,
    1.0601058900356293,
    0.8972355723381042,
    0.72040194272995,
    0.5938309133052826,
    0.5871496051549911,
    0.6624260097742081,
    0.7435505241155624,
    0.7995047569274902,
    0.8190759718418121,
    0.8150568008422852,
    0.8073967844247818,
    0.8083305656909943,
    0.8105372190475464,
    0.8009667247533798,
    0.7610850483179092
  ]
}