{
  "one_step": {
    "reacdiff_rho1": 1.8529606737852096,
    "reacdiff_rho5": 0.5911046251535416,
    "reacdiff_rho10": 0.7653949837207794
  },
  "one_step_avg": 1.0698200942198435,
  "rollout_curves": {
    "reacdiff_rho1": [
      5.652753829956055,
      5.523910045623779,
      5.399840354919434,
      5.280178070068359,
      5.151911735534668,
      4.774215221405029,
      3.535809278488159,
      2.660348415374756,
      2.1584956645965576,
      1.8724795579910278,
      1.6819660663604736,
      1.5479854345321655,
      1.4669039249420166,
      1.41277277469635,
      1.3747072219848633,
      1.3450207710266113,
      1.3124977350234985,
      1.2583720684051514,
      1.204774260520935,
      1.150930404663086
    ],
    "reacdiff_rho5": [
      0.9183628559112549,
      1.2373254299163818,
      1.8393151760101318,
      2.970998525619507,
      5.613766670227051,
      17.067930221557617,
      31.975780487060547,
      9.719690322875977,
      6.679608345031738,
      5.4565300941467285,
      5.44167947769165,
      5.430264949798584,
      5.421237468719482,
      5.413351535797119,
      5.404366970062256,
      5.393192291259766,
      5.3794965744018555,
      5.361718654632568,
      5.340211391448975,
      5.316033363342285
    ],
    "reacdiff_rho10": [
      0.9520567059516907,
      1.8473052978515625,
      4.279678821563721,
      16.490766525268555,
      26.68367576599121,
      11.026093482971191,
      8.334994316101074,
      8.299630165100098,
      8.270735740661621,
      8.247912406921387,
      8.2306489944458,
      8.218586921691895,
      8.210206031799316,
      8.204249382019043,
      8.197840690612793,
      8.188179969787598,
      8.175047874450684,
      8.157695770263672,
      8.134767532348633,
      8.108417510986328
    ]
  },
  "rollout_avg_curve": [
    2.5077244639396667,
    2.8695135911305747,
    3.8396114508310952,
    8.24731437365214,
    12.483118057250977,
    10.956079641977945,
    14.615528027216593,
    6.89322296778361,
    5.702946583429973,
    5.192307353019714,
    5.118098179499309,
    5.065612435340881,
    5.032782475153605,
    5.010124564170837,
    4.992304960886638,
    4.975464344024658,
    4.955680727958679,
    4.925928831100464,
    4.893251061439514,
    4.858460426330566
  ]
}