{
  "one_step": {
    "adv_beta0.4": 0.010780890141613781,
    "burgers_nu0.001": 0.05724221851043403,
    "diff_sorp": 0.0021146216172724963
  },
  "one_step_avg": 0.027632167784273624,
  "rollout_curves": {
    "adv_beta0.4": [
      0.006716212257742882,
      0.010906210169196129,
      0.01491306722164154,
      0.019058121368288994,
      0.02413772977888584,
      0.029741620644927025,
      0.03541600704193115,
      0.04112682864069939,
      0.04729725793004036,
      0.053284961730241776,
      0.05880574509501457,
      0.06457310169935226,
      0.07065664231777191,
      0.07646363228559494,
      0.08141296356916428,
      0.08519908785820007,
      0.08928301930427551,
      0.09396756440401077,
      0.0987279936671257,
      0.10289064049720764
    ],
    "burgers_nu0.001": [
      0.12264882028102875,
      0.1304652988910675,
      0.14588123559951782,
      0.2466970980167389,
      0.25890859961509705,
      0.22539950907230377,
      0.21431824564933777,
      0.2245800495147705,
      0.21337905526161194,
      0.20458129048347473,
      0.21051792800426483,
      0.20605696737766266,
      0.22499732673168182,
      0.2194555252790451,
      0.21664156019687653,
      0.21560640633106232,
      0.21327008306980133,
      0.21141186356544495,
      0.20782697200775146,
      0.206328883767128
    ],
    "diff_sorp": [
      0.00419943081215024,
      0.005304162856191397,
      0.005733670201152563,
      0.007353881374001503,
      0.007804525084793568,
      0.009717782959342003,
      0.011081368662416935,
      0.010431287810206413,
      0.01130677480250597,
      0.011362154968082905,
      0.012067904695868492,
      0.012545009143650532,
      0.012847225181758404,
      0.013523212634027004,
      0.014293703250586987,
      0.014754826202988625,
      0.015459267422556877,
      0.01577884517610073,
      0.015996603295207024,
      0.016399743035435677
    ]
  },
  "rollout_avg_curve": [
    0.04452148778364062,
    0.048891890638818346,
    0.05550932434077064,
    0.09103636691967647,
    0.09695028482625882,
    0.08828630422552426,
    0.08693854045122862,
    0.0920460553218921,
    0.09066102933138609,
    0.08974280239393313,
    0.09379719259838264,
    0.09439169274022181,
    0.10283373141040404,
    0.10314745673288901,
    0.10411607567220926,
    0.10518677346408367,
    0.10600412326554458,
    0.10705275771518548,
    0.10751718965669473,
    0.10853975576659043
  ]
}