{
  "one_step": {
    "adv_beta1.0": 0.42882543026804926,
    "burgers_nu1": 0.6772343486964703
  },
  "one_step_avg": 0.5530298894822597
}