{
  "one_step": {
    "adv_beta0.4": 0.28419958563447,
    "burgers_nu0.001": 0.29240376092493536,
    "diff_sorp": 0.4902334872245789
  },
  "one_step_avg": 0.3286880360686779
}