{
  "one_step": {
    "reacdiff_rho1": 0.25860311225652693,
    "reacdiff_rho5": 0.26566420791149137,
    "reacdiff_rho10": 0.24543207318782806
  },
  "one_step_avg": 0.2565664644519488
}