{
  "train_loss": 0.0025063634226335126,
  "val_loss": 0.006064017454851185,
  "test_loss": 0.004146181509560465,
  "num_primitives": 6
}