{
  "train_loss": 0.05333164618164301,
  "val_loss": 0.027750910283178092,
  "test_loss": null
}